data_set,load_kg,position_mm,timestamp,mass_g,pressure_kpa,density
1,0.022,-10.0,2021-05-17 02:45:31.870243,0.0,,
1,0.021,-10.0,2021-05-17 02:45:31.929926,0.0,,
1,0.021,-10.0,2021-05-17 02:45:32.010248,0.0,,
1,0.017,-10.0,2021-05-17 02:45:32.064654,0.0,,
1,0.023,-10.0,2021-05-17 02:45:32.119784,0.0,,
1,0.022,-10.0,2021-05-17 02:45:32.191077,0.0,,
1,0.023,-9.845390625,2021-05-17 02:45:32.245415,0.0,,
1,0.282,-9.70015625,2021-05-17 02:45:32.246500,0.0,,
1,0.273,-9.4521875,2021-05-17 02:45:32.247343,0.0,,
1,0.29,-9.25171875,2021-05-17 02:45:32.248553,0.0,,
1,0.298,-9.027890625,2021-05-17 02:45:32.252598,0.0,,
1,0.297,-8.528671875,2021-05-17 02:45:32.309545,0.0,,
1,0.319,-8.33515625,2021-05-17 02:45:32.372500,0.0,,
1,0.317,-8.17,2021-05-17 02:45:32.424679,0.0,,
1,0.334,-7.980546875,2021-05-17 02:45:32.486590,0.0,,
1,0.33,-7.816171875,2021-05-17 02:45:32.538451,0.0,,
1,0.318,-7.62359375,2021-05-17 02:45:32.600610,0.0,,
1,0.312,-7.42921875,2021-05-17 02:45:32.661954,0.0,,
1,0.296,-7.269453125,2021-05-17 02:45:32.713595,0.0,,
1,0.27,-7.0740625,2021-05-17 02:45:32.776563,0.0,,
1,0.258,-6.881015625,2021-05-17 02:45:32.837521,0.0,,
1,0.247,-6.7184375,2021-05-17 02:45:32.889718,0.0,,
1,0.235,-6.55421875,2021-05-17 02:45:32.941336,0.0,,
1,0.247,-6.36171875,2021-05-17 02:45:33.003087,0.0,,
1,0.237,-6.199609375,2021-05-17 02:45:33.054796,0.0,,
1,0.242,-6.0053125,2021-05-17 02:45:33.117075,0.0,,
1,0.25,-5.81609375,2021-05-17 02:45:33.178858,0.0,,
1,0.257,-5.653359375,2021-05-17 02:45:33.231040,0.0,,
1,0.246,-5.45875,2021-05-17 02:45:33.293094,0.0,,
1,0.245,-5.290859375,2021-05-17 02:45:33.345320,0.0,,
1,0.241,-5.099375,2021-05-17 02:45:33.407516,0.0,,
1,0.24,-4.909375,2021-05-17 02:45:33.469271,0.0,,
1,0.235,-4.74390625,2021-05-17 02:45:33.520950,0.0,,
1,0.217,-4.553203125,2021-05-17 02:45:33.582693,0.0,,
1,0.221,-4.381484375,2021-05-17 02:45:33.644926,0.0,,
1,0.225,-4.196484375,2021-05-17 02:45:33.696616,0.0,,
1,0.229,-4.0021875,2021-05-17 02:45:33.758986,0.0,,
1,0.226,-3.8046875,2021-05-17 02:45:33.820888,0.0,,
1,0.209,-3.61203125,2021-05-17 02:45:33.882591,0.0,,
1,0.19,-3.42171875,2021-05-17 02:45:33.944386,0.0,,
1,0.189,-3.22625,2021-05-17 02:45:34.006058,0.0,,
1,0.181,-3.065859375,2021-05-17 02:45:34.057853,0.0,,
1,0.18,-2.873828125,2021-05-17 02:45:34.119723,0.0,,
1,0.175,-2.67625,2021-05-17 02:45:34.182747,0.0,,
1,0.177,-2.517421875,2021-05-17 02:45:34.234264,0.0,,
1,0.173,-2.324296875,2021-05-17 02:45:34.296338,0.0,,
1,0.179,-2.130234375,2021-05-17 02:45:34.358555,0.0,,
1,0.185,-1.962421875,2021-05-17 02:45:34.410309,0.0,,
1,0.188,-1.7690625,2021-05-17 02:45:34.472042,0.0,,
1,0.185,-1.57625,2021-05-17 02:45:34.534073,0.0,,
1,0.187,-1.4134375,2021-05-17 02:45:34.585851,0.0,,
1,0.179,-1.224140625,2021-05-17 02:45:34.647599,0.0,,
1,0.168,-0.99453125,2021-05-17 02:45:34.719832,0.0,,
1,0.163,-0.83078125,2021-05-17 02:45:34.779020,0.0,,
1,0.156,-0.648125,2021-05-17 02:45:34.830818,0.0,,
1,0.153,-0.4603125,2021-05-17 02:45:34.892848,0.0,,
1,0.157,-0.26421875,2021-05-17 02:45:34.955188,0.0,,
1,0.157,-0.101015625,2021-05-17 02:45:35.007208,0.0,,
1,0.15,0.0,2021-05-17 02:45:35.069276,0.0,,
1,0.141,0.0,2021-05-17 02:45:35.111132,0.0,,
1,0.143,0.0,2021-05-17 02:45:35.172901,0.0,,
1,0.146,0.0,2021-05-17 02:45:35.234497,0.0,,
1,0.141,0.0,2021-05-17 02:45:35.286008,0.0,,
1,0.146,0.0,2021-05-17 02:45:35.347668,0.0,,
1,0.146,0.0,2021-05-17 02:45:35.409377,0.0,,
1,0.143,0.0,2021-05-17 02:45:35.463641,0.0,,
1,0.145,0.0,2021-05-17 02:45:35.524556,0.0,,
1,0.144,0.0,2021-05-17 02:45:35.584887,0.0,,
1,0.148,0.0,2021-05-17 02:45:35.635829,0.0,,
1,0.145,0.0,2021-05-17 02:45:35.697539,0.0,,
1,0.145,0.0,2021-05-17 02:45:35.759108,0.0,,
1,0.139,0.0,2021-05-17 02:45:35.820730,0.0,,
1,0.147,0.0,2021-05-17 02:45:35.873103,0.0,,
1,0.145,0.0,2021-05-17 02:45:35.935943,0.0,,
1,0.144,0.0,2021-05-17 02:45:35.989308,0.0,,
1,0.146,0.0,2021-05-17 02:45:36.065317,0.0,,
1,0.146,0.0,2021-05-17 02:45:36.115415,0.0,,
1,0.143,0.0,2021-05-17 02:45:36.178347,0.0,,
1,0.146,0.0,2021-05-17 02:45:36.241292,0.0,,
1,0.147,0.0,2021-05-17 02:45:36.294029,0.0,,
1,0.145,0.0,2021-05-17 02:45:36.357725,0.0,,
1,0.146,0.0,2021-05-17 02:45:36.885115,0.0,,
1,0.144,0.0,2021-05-17 02:45:36.905646,0.0,,
1,0.145,0.0,2021-05-17 02:45:36.925903,0.0,,
1,0.145,0.0,2021-05-17 02:45:36.951339,0.0,,
1,0.144,0.0,2021-05-17 02:45:36.994119,0.0,,
1,0.144,-0.003203125,2021-05-17 02:45:37.032106,0.0,,
1,0.133,-0.008125,2021-05-17 02:45:37.054741,0.0,,
1,0.131,-0.01171875,2021-05-17 02:45:37.073049,0.0,,
1,0.131,-0.01703125,2021-05-17 02:45:37.095248,0.0,,
1,0.131,-0.021875,2021-05-17 02:45:37.120473,0.0,,
1,0.133,-0.026015625,2021-05-17 02:45:37.139182,0.0,,
1,0.13,-0.030546875,2021-05-17 02:45:37.160731,0.0,,
1,0.128,-0.03640625,2021-05-17 02:45:37.215990,0.0,,
1,0.126,-0.040390625,2021-05-17 02:45:37.267624,0.0,,
1,0.128,-0.045234375,2021-05-17 02:45:37.329252,0.0,,
1,0.127,-0.05,2021-05-17 02:45:37.393792,0.0,,
1,0.122,-0.05484375,2021-05-17 02:45:37.453368,0.0,,
1,0.116,-0.058828125,2021-05-17 02:45:37.504273,0.0,,
1,0.119,-0.063671875,2021-05-17 02:45:37.567082,0.0,,
1,0.121,-0.0675,2021-05-17 02:45:37.618834,0.0,,
1,0.121,-0.07265625,2021-05-17 02:45:37.681587,0.0,,
1,0.124,-0.077578125,2021-05-17 02:45:37.744387,0.0,,
1,0.115,-0.0825,2021-05-17 02:45:37.807148,0.0,,
1,0.117,-0.087421875,2021-05-17 02:45:37.870761,0.0,,
1,0.12,-0.09140625,2021-05-17 02:45:37.922494,0.0,,
1,0.116,-0.09640625,2021-05-17 02:45:37.985536,0.0,,
1,0.118,-0.10140625,2021-05-17 02:45:38.048521,0.0,,
1,0.117,-0.10546875,2021-05-17 02:45:38.101036,0.0,,
1,0.114,-0.1103125,2021-05-17 02:45:38.163642,0.0,,
1,0.115,-0.113671875,2021-05-17 02:45:38.209672,0.0,,
1,0.116,-0.117265625,2021-05-17 02:45:38.251677,0.0,,
1,0.113,-0.12203125,2021-05-17 02:45:38.314310,0.0,,
1,0.115,-0.126328125,2021-05-17 02:45:38.367793,0.0,,
1,0.119,-0.131171875,2021-05-17 02:45:38.430113,0.0,,
1,0.114,-0.13609375,2021-05-17 02:45:38.492694,0.0,,
1,0.111,-0.140078125,2021-05-17 02:45:38.545411,0.0,,
1,0.11,-0.14515625,2021-05-17 02:45:38.608582,0.0,,
1,0.111,-0.14921875,2021-05-17 02:45:38.661045,0.0,,
1,0.113,-0.154140625,2021-05-17 02:45:38.723837,0.0,,
1,0.114,-0.158203125,2021-05-17 02:45:38.776218,0.0,,
1,0.107,-0.16296875,2021-05-17 02:45:38.838682,0.0,,
1,0.105,-0.167890625,2021-05-17 02:45:38.902368,0.0,,
1,0.105,-0.1721875,2021-05-17 02:45:38.954899,0.0,,
1,0.109,-0.177734375,2021-05-17 02:45:39.028146,0.0,,
1,0.108,-0.18203125,2021-05-17 02:45:39.081131,0.0,,
1,0.106,-0.186875,2021-05-17 02:45:39.143614,0.0,,
1,0.106,-0.1909375,2021-05-17 02:45:39.196214,0.0,,
1,0.111,-0.195859375,2021-05-17 02:45:39.260084,0.0,,
1,0.112,-0.199296875,2021-05-17 02:45:39.303075,0.0,,
1,0.114,-0.212109375,2021-05-17 02:45:39.466749,0.0,,
1,0.112,-0.2225,2021-05-17 02:45:39.600427,0.0,,
1,0.114,-0.2265625,2021-05-17 02:45:39.653232,0.0,,
1,0.113,-0.2315625,2021-05-17 02:45:39.715923,0.0,,
1,0.112,-0.235703125,2021-05-17 02:45:39.768459,0.0,,
1,0.111,-0.240546875,2021-05-17 02:45:39.831007,0.0,,
1,0.113,-0.245546875,2021-05-17 02:45:39.893726,0.0,,
1,0.113,-0.24953125,2021-05-17 02:45:39.946383,0.0,,
1,0.111,-0.25453125,2021-05-17 02:45:40.009011,0.0,,
1,0.108,-0.25859375,2021-05-17 02:45:40.061569,0.0,,
1,0.112,-0.263515625,2021-05-17 02:45:40.124083,0.0,,
1,0.117,-0.268359375,2021-05-17 02:45:40.186746,0.0,,
1,0.119,-0.2725,2021-05-17 02:45:40.239088,0.0,,
1,0.12,-0.277421875,2021-05-17 02:45:40.301639,0.0,,
1,0.122,-0.2815625,2021-05-17 02:45:40.354923,0.0,,
1,0.122,-0.2871875,2021-05-17 02:45:40.428058,0.0,,
1,0.12,-0.2921875,2021-05-17 02:45:40.491197,0.0,,
1,0.117,-0.296953125,2021-05-17 02:45:40.554496,0.0,,
1,0.115,-0.3,2021-05-17 02:45:40.617362,0.0,,
1,0.109,-0.3,2021-05-17 02:45:40.670679,0.0,,
1,0.108,-0.3,2021-05-17 02:45:40.743898,0.0,,
1,0.109,-0.3,2021-05-17 02:45:40.786664,0.0,,
1,0.107,-0.3,2021-05-17 02:45:40.850095,0.0,,
1,0.109,-0.3,2021-05-17 02:45:40.962886,0.0,,
1,0.11,-0.3,2021-05-17 02:45:41.025757,0.0,,
1,0.116,-0.3,2021-05-17 02:45:41.078322,0.0,,
1,0.112,-0.3,2021-05-17 02:45:41.141346,0.0,,
1,0.109,-0.3,2021-05-17 02:45:41.204184,0.0,,
1,0.111,-0.3,2021-05-17 02:45:41.256776,0.0,,
1,0.113,-0.3,2021-05-17 02:45:41.430115,11.0,,
1,-6.529,-0.295,2021-05-17 02:45:41.487607,11.0,,
1,0.12,-0.290078125,2021-05-17 02:45:41.527496,11.0,,
1,0.154,-0.286015625,2021-05-17 02:45:41.579103,11.0,,
1,0.156,-0.28125,2021-05-17 02:45:41.640924,11.0,,
1,0.161,-0.276328125,2021-05-17 02:45:41.702626,11.0,,
1,0.166,-0.27234375,2021-05-17 02:45:41.754127,11.0,,
1,0.163,-0.2675,2021-05-17 02:45:41.815809,11.0,,
1,0.167,-0.26265625,2021-05-17 02:45:41.877604,11.0,,
1,0.164,-0.25859375,2021-05-17 02:45:41.929243,11.0,,
1,0.168,-0.25390625,2021-05-17 02:45:41.991105,11.0,,
1,0.171,-0.248984375,2021-05-17 02:45:42.052652,11.0,,
1,0.171,-0.244921875,2021-05-17 02:45:42.104859,11.0,,
1,0.172,-0.24015625,2021-05-17 02:45:42.167820,11.0,,
1,0.17,-0.236015625,2021-05-17 02:45:42.220708,11.0,,
1,0.171,-0.2309375,2021-05-17 02:45:42.283919,11.0,,
1,0.174,-0.22609375,2021-05-17 02:45:42.346827,11.0,,
1,0.172,-0.221953125,2021-05-17 02:45:42.399367,11.0,,
1,0.173,-0.21703125,2021-05-17 02:45:42.462251,11.0,,
1,0.168,-0.212890625,2021-05-17 02:45:42.514981,11.0,,
1,0.17,-0.20796875,2021-05-17 02:45:42.578195,11.0,,
1,0.171,-0.20390625,2021-05-17 02:45:42.630691,11.0,,
1,0.173,-0.200078125,2021-05-17 02:45:42.693256,11.0,,
1,0.181,-0.200078125,2021-05-17 02:45:42.755952,11.0,,
1,0.178,-0.200078125,2021-05-17 02:45:42.808548,11.0,,
1,0.18,-0.200078125,2021-05-17 02:45:42.871388,11.0,,
1,0.178,-0.200078125,2021-05-17 02:45:42.923848,11.0,,
1,0.177,-0.200078125,2021-05-17 02:45:42.986758,11.0,,
1,0.18,-0.200078125,2021-05-17 02:45:43.111191,11.0,,
1,0.178,-0.200078125,2021-05-17 02:45:43.164103,11.0,,
1,0.178,-0.200078125,2021-05-17 02:45:43.226792,11.0,,
1,0.177,-0.200078125,2021-05-17 02:45:43.279535,11.0,,
1,0.179,-0.200078125,2021-05-17 02:45:43.342477,11.0,,
1,0.179,-0.200078125,2021-05-17 02:45:43.395080,11.0,,
1,0.181,-0.200078125,2021-05-17 02:45:43.585577,11.0,,
1,0.178,-0.200078125,2021-05-17 02:45:43.585828,11.0,,
1,0.181,-0.201875,2021-05-17 02:45:43.600030,11.0,,
1,0.173,-0.20609375,2021-05-17 02:45:43.667921,11.0,,
1,0.108,-0.2096875,2021-05-17 02:45:43.688119,11.0,,
1,0.116,-0.21453125,2021-05-17 02:45:43.749848,11.0,,
1,0.115,-0.219296875,2021-05-17 02:45:43.811590,11.0,,
1,0.118,-0.223359375,2021-05-17 02:45:43.863158,11.0,,
1,0.118,-0.228203125,2021-05-17 02:45:43.924830,11.0,,
1,0.122,-0.23296875,2021-05-17 02:45:43.986406,11.0,,
1,0.119,-0.23703125,2021-05-17 02:45:44.038011,11.0,,
1,0.114,-0.24171875,2021-05-17 02:45:44.099602,11.0,,
1,0.117,-0.246640625,2021-05-17 02:45:44.161113,11.0,,
1,0.118,-0.250703125,2021-05-17 02:45:44.213170,11.0,,
1,0.113,-0.25546875,2021-05-17 02:45:44.276000,11.0,,
1,0.115,-0.259609375,2021-05-17 02:45:44.329124,11.0,,
1,0.113,-0.2646875,2021-05-17 02:45:44.392076,11.0,,
1,0.117,-0.269609375,2021-05-17 02:45:44.454947,11.0,,
1,0.123,-0.273671875,2021-05-17 02:45:44.507737,11.0,,
1,0.122,-0.27859375,2021-05-17 02:45:44.570752,11.0,,
1,0.127,-0.2828125,2021-05-17 02:45:44.623969,11.0,,
1,0.123,-0.287578125,2021-05-17 02:45:44.687105,11.0,,
1,0.121,-0.291875,2021-05-17 02:45:44.740363,11.0,,
1,0.116,-0.296640625,2021-05-17 02:45:44.803243,11.0,,
1,0.117,-0.30078125,2021-05-17 02:45:44.856341,11.0,,
1,0.115,-0.30578125,2021-05-17 02:45:44.919116,11.0,,
1,0.124,-0.31140625,2021-05-17 02:45:44.991967,11.0,,
1,0.12,-0.3146875,2021-05-17 02:45:45.034575,11.0,,
1,0.118,-0.319609375,2021-05-17 02:45:45.097322,11.0,,
1,0.119,-0.324609375,2021-05-17 02:45:45.160288,11.0,,
1,0.118,-0.32953125,2021-05-17 02:45:45.223120,11.0,,
1,0.117,-0.33359375,2021-05-17 02:45:45.275615,11.0,,
1,0.121,-0.33859375,2021-05-17 02:45:45.338385,11.0,,
1,0.123,-0.3434375,2021-05-17 02:45:45.401732,11.0,,
1,0.121,-0.347734375,2021-05-17 02:45:45.454880,11.0,,
1,0.125,-0.3525,2021-05-17 02:45:45.517154,11.0,,
1,0.12,-0.356640625,2021-05-17 02:45:45.569713,11.0,,
1,0.123,-0.3615625,2021-05-17 02:45:45.632639,11.0,,
1,0.116,-0.365703125,2021-05-17 02:45:45.685247,11.0,,
1,0.118,-0.37046875,2021-05-17 02:45:45.747932,11.0,,
1,0.12,-0.37484375,2021-05-17 02:45:45.802172,11.0,,
1,0.112,-0.3796875,2021-05-17 02:45:45.865747,11.0,,
1,0.113,-0.383125,2021-05-17 02:45:45.909029,11.0,,
1,0.118,-0.38796875,2021-05-17 02:45:45.971844,11.0,,
1,0.118,-0.3921875,2021-05-17 02:45:46.024279,11.0,,
1,0.117,-0.397109375,2021-05-17 02:45:46.087109,11.0,,
1,0.117,-0.40203125,2021-05-17 02:45:46.150255,11.0,,
1,0.12,-0.40609375,2021-05-17 02:45:46.204026,11.0,,
1,0.122,-0.41109375,2021-05-17 02:45:46.266747,11.0,,
1,0.114,-0.42,2021-05-17 02:45:46.381052,11.0,,
1,0.113,-0.42484375,2021-05-17 02:45:46.443782,11.0,,
1,0.119,-0.429765625,2021-05-17 02:45:46.507201,11.0,,
1,0.119,-0.433984375,2021-05-17 02:45:46.560101,11.0,,
1,0.12,-0.43890625,2021-05-17 02:45:46.623046,11.0,,
1,0.121,-0.443046875,2021-05-17 02:45:46.676239,11.0,,
1,0.124,-0.448125,2021-05-17 02:45:46.740486,11.0,,
1,0.126,-0.4521875,2021-05-17 02:45:46.792997,11.0,,
1,0.12,-0.45703125,2021-05-17 02:45:46.856162,11.0,,
1,0.116,-0.461171875,2021-05-17 02:45:46.908821,11.0,,
1,0.115,-0.46625,2021-05-17 02:45:46.971856,11.0,,
1,0.112,-0.47015625,2021-05-17 02:45:47.024349,11.0,,
1,0.109,-0.4809375,2021-05-17 02:45:47.161104,11.0,,
1,0.106,-0.485,2021-05-17 02:45:47.213780,11.0,,
1,0.109,-0.49,2021-05-17 02:45:47.276402,11.0,,
1,0.106,-0.4940625,2021-05-17 02:45:47.329512,11.0,,
1,0.103,-0.498984375,2021-05-17 02:45:47.392302,11.0,,
1,0.104,-0.500078125,2021-05-17 02:45:47.434949,11.0,,
1,-6.536,-0.500078125,2021-05-17 02:45:47.588258,11.0,,
1,0.106,-0.500078125,2021-05-17 02:45:47.640830,11.0,,
1,0.102,-0.500078125,2021-05-17 02:45:47.703404,11.0,,
1,0.101,-0.500078125,2021-05-17 02:45:47.766080,11.0,,
1,0.099,-0.500078125,2021-05-17 02:45:47.818686,11.0,,
1,0.099,-0.500078125,2021-05-17 02:45:47.881937,11.0,,
1,0.104,-0.500078125,2021-05-17 02:45:47.935187,11.0,,
1,0.104,-0.500078125,2021-05-17 02:45:47.997833,11.0,,
1,0.103,-0.500078125,2021-05-17 02:45:48.050673,11.0,,
1,0.102,-0.500078125,2021-05-17 02:45:48.113471,11.0,,
1,0.101,-0.500078125,2021-05-17 02:45:48.176263,11.0,,
1,0.099,-0.500078125,2021-05-17 02:45:48.229258,11.0,,
1,0.104,-0.500078125,2021-05-17 02:45:48.291852,11.0,,
1,0.102,-0.500078125,2021-05-17 02:45:48.354254,11.0,,
1,0.1,-0.500078125,2021-05-17 02:45:48.417112,11.0,,
1,0.1,-0.500078125,2021-05-17 02:45:48.479903,11.0,,
1,0.099,-0.500078125,2021-05-17 02:45:48.533031,11.0,,
1,0.097,-0.500078125,2021-05-17 02:45:48.595713,11.0,,
1,0.094,-0.500078125,2021-05-17 02:45:48.648978,11.0,,
1,0.097,-0.500078125,2021-05-17 02:45:48.711559,11.0,,
1,0.098,-0.500078125,2021-05-17 02:45:48.764478,11.0,,
1,0.095,-0.500078125,2021-05-17 02:45:48.828139,11.0,,
1,0.1,-0.500078125,2021-05-17 02:45:48.880180,11.0,,
1,0.099,-0.500078125,2021-05-17 02:45:48.943501,11.0,,
1,0.099,-0.500078125,2021-05-17 02:45:49.006018,11.0,,
1,0.098,-0.500078125,2021-05-17 02:45:49.058453,11.0,,
1,0.1,-0.500078125,2021-05-17 02:45:49.121300,11.0,,
1,0.099,-0.500078125,2021-05-17 02:45:49.173924,11.0,,
1,0.099,-0.500078125,2021-05-17 02:45:49.236639,11.0,,
1,0.097,-0.500078125,2021-05-17 02:45:49.370331,11.0,,
1,0.101,-0.500078125,2021-05-17 02:45:49.423097,11.0,,
1,0.099,-0.500078125,2021-05-17 02:45:49.485718,11.0,,
1,0.102,-0.500078125,2021-05-17 02:45:49.528281,11.0,,
1,0.101,-0.500078125,2021-05-17 02:45:49.590999,11.0,,
1,0.101,-0.500078125,2021-05-17 02:45:49.633383,11.0,,
1,0.104,-0.500078125,2021-05-17 02:45:49.696462,11.0,,
1,0.107,-0.500078125,2021-05-17 02:45:49.749311,11.0,,
1,0.107,-0.500078125,2021-05-17 02:45:49.812557,11.0,,
1,0.102,-0.500078125,2021-05-17 02:45:49.875241,11.0,,
1,0.099,-0.500078125,2021-05-17 02:45:49.917835,11.0,,
1,0.106,-0.500078125,2021-05-17 02:45:49.970541,11.0,,
1,0.102,-0.500078125,2021-05-17 02:45:50.033362,11.0,,
1,0.099,-0.500078125,2021-05-17 02:45:50.095917,11.0,,
1,0.106,-0.500078125,2021-05-17 02:45:50.149156,11.0,,
1,0.103,-0.500078125,2021-05-17 02:45:50.212346,11.0,,
1,0.106,-0.500078125,2021-05-17 02:45:50.265201,11.0,,
1,0.104,-0.500078125,2021-05-17 02:45:50.319421,11.0,,
1,0.103,-0.500078125,2021-05-17 02:45:50.362337,11.0,,
1,0.105,-0.500078125,2021-05-17 02:45:50.415124,11.0,,
1,0.105,-0.500078125,2021-05-17 02:45:50.488259,11.0,,
1,0.104,-0.500078125,2021-05-17 02:45:50.561335,11.0,,
1,0.104,-0.500078125,2021-05-17 02:45:50.613436,11.0,,
1,0.105,-0.500078125,2021-05-17 02:45:50.675663,11.0,,
1,0.105,-0.500078125,2021-05-17 02:45:50.737845,11.0,,
1,0.105,-0.500078125,2021-05-17 02:45:50.800770,11.0,,
1,0.106,-0.500078125,2021-05-17 02:45:50.863658,11.0,,
1,0.106,-0.500078125,2021-05-17 02:45:50.927206,11.0,,
1,0.106,-0.500078125,2021-05-17 02:45:50.980286,11.0,,
1,0.106,-0.500078125,2021-05-17 02:45:51.043166,11.0,,
1,0.105,-0.500078125,2021-05-17 02:45:51.096367,11.0,,
1,0.106,-0.500078125,2021-05-17 02:45:51.158903,11.0,,
1,0.108,-0.500078125,2021-05-17 02:45:51.211786,11.0,,
1,0.107,-0.500078125,2021-05-17 02:45:51.274516,11.0,,
1,0.106,-0.500078125,2021-05-17 02:45:51.327029,11.0,,
1,0.107,-0.500078125,2021-05-17 02:45:51.389558,11.0,,
1,0.106,-0.500078125,2021-05-17 02:45:51.452652,11.0,,
1,0.107,-0.500078125,2021-05-17 02:45:51.505133,11.0,,
1,0.105,-0.500078125,2021-05-17 02:45:51.762382,22.0,,
1,0.104,-0.500078125,2021-05-17 02:45:51.762753,22.0,,
1,0.103,-0.500078125,2021-05-17 02:45:51.763762,22.0,,
1,0.104,-0.49421875,2021-05-17 02:45:51.779331,22.0,,
1,0.113,-0.488359375,2021-05-17 02:45:51.824624,22.0,,
1,0.159,-0.484453125,2021-05-17 02:45:51.876206,22.0,,
1,0.164,-0.47953125,2021-05-17 02:45:51.937998,22.0,,
1,0.171,-0.4746875,2021-05-17 02:45:51.999610,22.0,,
1,0.173,-0.470625,2021-05-17 02:45:52.051275,22.0,,
1,0.176,-0.465859375,2021-05-17 02:45:52.112814,22.0,,
1,0.178,-0.461015625,2021-05-17 02:45:52.174421,22.0,,
1,0.177,-0.455546875,2021-05-17 02:45:52.246218,22.0,,
1,0.181,-0.45140625,2021-05-17 02:45:52.297749,22.0,,
1,0.18,-0.4465625,2021-05-17 02:45:52.359721,22.0,,
1,0.184,-0.44171875,2021-05-17 02:45:52.422790,22.0,,
1,0.178,-0.43765625,2021-05-17 02:45:52.475396,22.0,,
1,0.176,-0.43265625,2021-05-17 02:45:52.538075,22.0,,
1,0.18,-0.42859375,2021-05-17 02:45:52.590494,22.0,,
1,0.174,-0.423671875,2021-05-17 02:45:52.653227,22.0,,
1,0.175,-0.41953125,2021-05-17 02:45:52.706105,22.0,,
1,0.175,-0.414765625,2021-05-17 02:45:52.768388,22.0,,
1,0.173,-0.409765625,2021-05-17 02:45:52.830909,22.0,,
1,0.182,-0.405703125,2021-05-17 02:45:52.883653,22.0,,
1,0.175,-0.40078125,2021-05-17 02:45:52.946386,22.0,,
1,0.174,-0.40015625,2021-05-17 02:45:52.998967,22.0,,
1,0.179,-0.40015625,2021-05-17 02:45:53.061635,22.0,,
1,0.182,-0.40015625,2021-05-17 02:45:53.297498,22.0,,
1,0.18,-0.40015625,2021-05-17 02:45:53.376289,22.0,,
1,0.18,-0.40015625,2021-05-17 02:45:53.376599,22.0,,
1,0.18,-0.40015625,2021-05-17 02:45:53.376780,22.0,,
1,0.17,-0.406171875,2021-05-17 02:45:53.386761,22.0,,
1,0.106,-0.411015625,2021-05-17 02:45:53.424696,22.0,,
1,0.119,-0.4159375,2021-05-17 02:45:53.486305,22.0,,
1,0.118,-0.41984375,2021-05-17 02:45:53.537754,22.0,,
1,0.117,-0.4246875,2021-05-17 02:45:53.599340,22.0,,
1,0.121,-0.42953125,2021-05-17 02:45:53.660946,22.0,,
1,0.118,-0.43359375,2021-05-17 02:45:53.712493,22.0,,
1,0.115,-0.4375,2021-05-17 02:45:53.763968,22.0,,
1,0.116,-0.4415625,2021-05-17 02:45:53.815702,22.0,,
1,0.117,-0.44640625,2021-05-17 02:45:53.877393,22.0,,
1,0.117,-0.45125,2021-05-17 02:45:53.939220,22.0,,
1,0.117,-0.4553125,2021-05-17 02:45:53.991790,22.0,,
1,0.114,-0.460390625,2021-05-17 02:45:54.057124,22.0,,
1,0.111,-0.464453125,2021-05-17 02:45:54.109008,22.0,,
1,0.114,-0.469375,2021-05-17 02:45:54.171574,22.0,,
1,0.109,-0.47421875,2021-05-17 02:45:54.234224,22.0,,
1,0.112,-0.478359375,2021-05-17 02:45:54.286942,22.0,,
1,0.117,-0.483125,2021-05-17 02:45:54.349497,22.0,,
1,0.113,-0.48734375,2021-05-17 02:45:54.402633,22.0,,
1,0.112,-0.49234375,2021-05-17 02:45:54.465259,22.0,,
1,0.112,-0.49640625,2021-05-17 02:45:54.517695,22.0,,
1,0.108,-0.501328125,2021-05-17 02:45:54.580425,22.0,,
1,0.11,-0.50609375,2021-05-17 02:45:54.643173,22.0,,
1,0.111,-0.5103125,2021-05-17 02:45:54.696600,22.0,,
1,0.113,-0.51515625,2021-05-17 02:45:54.760205,22.0,,
1,0.11,-0.519453125,2021-05-17 02:45:54.812744,22.0,,
1,0.106,-0.523515625,2021-05-17 02:45:54.865457,22.0,,
1,0.108,-0.527734375,2021-05-17 02:45:54.918936,22.0,,
1,0.105,-0.536640625,2021-05-17 02:45:55.033684,22.0,,
1,0.099,-0.541640625,2021-05-17 02:45:55.096263,22.0,,
1,0.096,-0.5465625,2021-05-17 02:45:55.159171,22.0,,
1,0.097,-0.550625,2021-05-17 02:45:55.211561,22.0,,
1,0.098,-0.55875,2021-05-17 02:45:55.317421,22.0,,
1,0.1,-0.563828125,2021-05-17 02:45:55.379962,22.0,,
1,0.096,-0.567890625,2021-05-17 02:45:55.432502,22.0,,
1,0.095,-0.5728125,2021-05-17 02:45:55.495267,22.0,,
1,0.093,-0.57609375,2021-05-17 02:45:55.537718,22.0,,
1,0.095,-0.58109375,2021-05-17 02:45:55.600978,22.0,,
1,0.09,-0.585078125,2021-05-17 02:45:55.653523,22.0,,
1,0.097,-0.589921875,2021-05-17 02:45:55.716812,22.0,,
1,0.097,-0.594140625,2021-05-17 02:45:55.768998,22.0,,
1,0.096,-0.598984375,2021-05-17 02:45:55.831575,22.0,,
1,0.099,-0.6025,2021-05-17 02:45:55.874985,22.0,,
1,0.101,-0.606484375,2021-05-17 02:45:55.927646,22.0,,
2,0.101,-0.608671875,2021-05-17 02:45:56.148276,11.0,,
2,0.101,-0.613515625,2021-05-17 02:45:56.148561,11.0,,
2,0.1,-0.618125,2021-05-17 02:45:56.148724,11.0,,
2,0.102,-0.61859375,2021-05-17 02:45:56.153041,11.0,,
2,0.098,-0.61734375,2021-05-17 02:45:56.202379,11.0,,
2,0.109,-0.61265625,2021-05-17 02:45:56.264020,11.0,,
2,0.126,-0.607734375,2021-05-17 02:45:56.325781,11.0,,
2,0.167,-0.60375,2021-05-17 02:45:56.377350,11.0,,
2,0.168,-0.598828125,2021-05-17 02:45:56.438893,11.0,,
2,0.169,-0.593984375,2021-05-17 02:45:56.500612,11.0,,
2,0.175,-0.590078125,2021-05-17 02:45:56.552200,11.0,,
2,-6.483,-0.57734375,2021-05-17 02:45:56.714600,11.0,,
2,0.183,-0.572578125,2021-05-17 02:45:56.776458,11.0,,
2,0.18,-0.56765625,2021-05-17 02:45:56.839353,11.0,,
2,0.182,-0.56359375,2021-05-17 02:45:56.891659,11.0,,
2,0.182,-0.55859375,2021-05-17 02:45:56.954608,11.0,,
2,0.185,-0.55453125,2021-05-17 02:45:57.007210,11.0,,
2,0.182,-0.549609375,2021-05-17 02:45:57.070105,11.0,,
2,0.184,-0.545546875,2021-05-17 02:45:57.122566,11.0,,
2,0.181,-0.540625,2021-05-17 02:45:57.185161,11.0,,
2,0.187,-0.535703125,2021-05-17 02:45:57.247797,11.0,,
2,0.183,-0.531640625,2021-05-17 02:45:57.300078,11.0,,
2,0.186,-0.52671875,2021-05-17 02:45:57.362869,11.0,,
2,0.188,-0.522578125,2021-05-17 02:45:57.415281,11.0,,
2,0.186,-0.5184375,2021-05-17 02:45:57.478641,11.0,,
2,0.196,-0.5184375,2021-05-17 02:45:57.540919,11.0,,
2,0.199,-0.5184375,2021-05-17 02:45:57.583460,11.0,,
2,0.202,-0.5184375,2021-05-17 02:45:57.646004,11.0,,
2,0.198,-0.5184375,2021-05-17 02:45:57.699327,11.0,,
2,0.197,-0.5184375,2021-05-17 02:45:57.763771,11.0,,
2,0.198,-0.5184375,2021-05-17 02:45:57.816357,11.0,,
2,0.196,-0.5184375,2021-05-17 02:45:57.878822,11.0,,
2,0.195,-0.5184375,2021-05-17 02:45:57.931454,11.0,,
2,0.18,-0.5184375,2021-05-17 02:45:57.994751,11.0,,
2,0.181,-0.5184375,2021-05-17 02:45:58.047291,11.0,,
2,0.187,-0.5184375,2021-05-17 02:45:58.110281,11.0,,
2,0.162,-0.5184375,2021-05-17 02:45:58.162965,11.0,,
2,0.179,-0.5184375,2021-05-17 02:45:58.225647,11.0,,
2,0.181,-0.5184375,2021-05-17 02:45:58.289057,11.0,,
2,0.175,-0.5184375,2021-05-17 02:45:58.332743,11.0,,
2,0.172,-0.5184375,2021-05-17 02:45:58.385405,11.0,,
2,0.178,-0.5184375,2021-05-17 02:45:58.448594,11.0,,
2,0.173,-0.5184375,2021-05-17 02:45:58.521421,11.0,,
2,0.177,-0.5184375,2021-05-17 02:45:58.584050,11.0,,
2,0.169,-0.5184375,2021-05-17 02:45:58.646786,11.0,,
2,0.174,-0.5184375,2021-05-17 02:45:58.689293,11.0,,
2,0.174,-0.5184375,2021-05-17 02:45:58.751963,11.0,,
2,0.17,-0.5184375,2021-05-17 02:45:58.815422,11.0,,
2,0.173,-0.5184375,2021-05-17 02:45:58.868621,11.0,,
2,0.175,-0.5184375,2021-05-17 02:45:58.941611,11.0,,
2,0.174,-0.5184375,2021-05-17 02:45:58.994172,11.0,,
2,0.175,-0.5184375,2021-05-17 02:45:59.056657,11.0,,
2,0.174,-0.5184375,2021-05-17 02:45:59.119272,11.0,,
2,0.182,-0.5184375,2021-05-17 02:45:59.171770,11.0,,
2,0.176,-0.5184375,2021-05-17 02:45:59.234996,11.0,,
2,0.178,-0.5184375,2021-05-17 02:45:59.287614,11.0,,
2,0.177,-0.5184375,2021-05-17 02:45:59.350150,11.0,,
2,0.179,-0.5184375,2021-05-17 02:45:59.392850,11.0,,
2,0.18,-0.5184375,2021-05-17 02:45:59.455522,11.0,,
2,0.177,-0.5184375,2021-05-17 02:45:59.508134,11.0,,
2,0.178,-0.5184375,2021-05-17 02:45:59.580957,11.0,,
2,0.175,-0.5184375,2021-05-17 02:45:59.643542,11.0,,
2,0.176,-0.5184375,2021-05-17 02:45:59.696080,11.0,,
2,0.175,-0.5184375,2021-05-17 02:45:59.748623,11.0,,
2,0.176,-0.5184375,2021-05-17 02:45:59.801017,11.0,,
2,0.175,-0.5184375,2021-05-17 02:45:59.863599,11.0,,
2,0.175,-0.5184375,2021-05-17 02:45:59.926120,11.0,,
2,0.176,-0.5184375,2021-05-17 02:45:59.978569,11.0,,
2,0.178,-0.5184375,2021-05-17 02:46:00.041180,11.0,,
2,0.175,-0.5184375,2021-05-17 02:46:00.093521,11.0,,
2,0.174,-0.5184375,2021-05-17 02:46:00.156224,11.0,,
2,0.174,-0.5184375,2021-05-17 02:46:00.208649,11.0,,
2,0.177,-0.5184375,2021-05-17 02:46:00.271262,11.0,,
2,0.174,-0.5184375,2021-05-17 02:46:00.343979,11.0,,
2,0.177,-0.5184375,2021-05-17 02:46:00.396901,11.0,,
2,0.173,-0.5184375,2021-05-17 02:46:00.460049,11.0,,
2,0.176,-0.5184375,2021-05-17 02:46:00.513330,11.0,,
2,0.175,-0.5184375,2021-05-17 02:46:00.575966,11.0,,
2,0.177,-0.5184375,2021-05-17 02:46:00.638455,11.0,,
2,0.178,-0.5184375,2021-05-17 02:46:00.691312,11.0,,
2,0.177,-0.5184375,2021-05-17 02:46:00.754191,11.0,,
2,0.177,-0.5184375,2021-05-17 02:46:00.806506,11.0,,
2,0.182,-0.5184375,2021-05-17 02:46:00.848912,11.0,,
2,0.178,-0.5184375,2021-05-17 02:46:00.901234,11.0,,
2,0.176,-0.5184375,2021-05-17 02:46:00.963885,11.0,,
2,0.181,-0.5184375,2021-05-17 02:46:01.017779,11.0,,
2,0.176,-0.5184375,2021-05-17 02:46:01.080533,11.0,,
2,0.18,-0.5184375,2021-05-17 02:46:01.132698,11.0,,
2,0.181,-0.5184375,2021-05-17 02:46:01.195318,11.0,,
2,0.183,-0.5184375,2021-05-17 02:46:01.257982,11.0,,
2,0.181,-0.5184375,2021-05-17 02:46:01.310530,11.0,,
2,0.182,-0.5184375,2021-05-17 02:46:01.373095,11.0,,
2,0.179,-0.5184375,2021-05-17 02:46:01.425651,11.0,,
2,0.177,-0.5184375,2021-05-17 02:46:01.488854,11.0,,
2,0.178,-0.5184375,2021-05-17 02:46:01.542124,11.0,,
2,0.18,-0.5184375,2021-05-17 02:46:01.604874,11.0,,
2,0.18,-0.5184375,2021-05-17 02:46:01.667551,11.0,,
2,0.182,-0.5184375,2021-05-17 02:46:01.720233,11.0,,
2,0.183,-0.5184375,2021-05-17 02:46:01.782962,11.0,,
2,0.18,-0.5184375,2021-05-17 02:46:01.835520,11.0,,
2,0.179,-0.5184375,2021-05-17 02:46:01.898402,11.0,,
2,0.184,-0.5184375,2021-05-17 02:46:01.950823,11.0,,
2,0.179,-0.5184375,2021-05-17 02:46:02.013484,11.0,,
2,0.185,-0.5184375,2021-05-17 02:46:02.086375,11.0,,
2,0.182,-0.5184375,2021-05-17 02:46:02.138568,11.0,,
2,0.181,-0.5184375,2021-05-17 02:46:02.210802,11.0,,
2,0.181,-0.5184375,2021-05-17 02:46:02.273915,11.0,,
2,0.179,-0.5184375,2021-05-17 02:46:02.326524,11.0,,
2,0.18,-0.5184375,2021-05-17 02:46:02.389557,11.0,,
2,0.18,-0.5184375,2021-05-17 02:46:02.442685,11.0,,
2,0.185,-0.5184375,2021-05-17 02:46:02.505956,11.0,,
2,0.174,-0.5184375,2021-05-17 02:46:02.558873,11.0,,
2,0.179,-0.5184375,2021-05-17 02:46:02.622187,11.0,,
2,0.176,-0.5184375,2021-05-17 02:46:02.675018,11.0,,
2,0.177,-0.5184375,2021-05-17 02:46:02.808406,11.0,,
2,0.178,-0.5184375,2021-05-17 02:46:02.850871,11.0,,
2,0.178,-0.5184375,2021-05-17 02:46:02.913151,11.0,,
2,0.179,-0.5184375,2021-05-17 02:46:02.965645,11.0,,
2,0.176,-0.5184375,2021-05-17 02:46:03.029546,11.0,,
2,0.177,-0.5184375,2021-05-17 02:46:03.092358,11.0,,
2,0.179,-0.5184375,2021-05-17 02:46:03.155643,11.0,,
2,0.182,-0.5184375,2021-05-17 02:46:03.208093,11.0,,
2,0.178,-0.5184375,2021-05-17 02:46:03.270807,11.0,,
2,0.178,-0.5184375,2021-05-17 02:46:03.333251,11.0,,
2,0.181,-0.5184375,2021-05-17 02:46:03.385860,11.0,,
2,0.176,-0.5184375,2021-05-17 02:46:03.448452,11.0,,
2,0.174,-0.5184375,2021-05-17 02:46:03.501928,11.0,,
2,0.179,-0.5184375,2021-05-17 02:46:03.564647,11.0,,
2,0.179,-0.5184375,2021-05-17 02:46:03.617165,11.0,,
2,0.175,-0.5184375,2021-05-17 02:46:03.680706,11.0,,
2,0.171,-0.5184375,2021-05-17 02:46:03.743498,11.0,,
2,0.172,-0.5184375,2021-05-17 02:46:03.797348,11.0,,
2,0.177,-0.5184375,2021-05-17 02:46:03.859529,11.0,,
2,0.173,-0.5184375,2021-05-17 02:46:03.911686,11.0,,
2,0.177,-0.5184375,2021-05-17 02:46:03.964157,11.0,,
2,0.178,-0.5184375,2021-05-17 02:46:04.028279,11.0,,
2,0.179,-0.5184375,2021-05-17 02:46:04.089391,11.0,,
2,0.176,-0.5184375,2021-05-17 02:46:04.152248,11.0,,
2,0.176,-0.5184375,2021-05-17 02:46:04.204331,11.0,,
2,0.176,-0.5184375,2021-05-17 02:46:04.266534,11.0,,
2,0.176,-0.5184375,2021-05-17 02:46:04.318777,11.0,,
2,0.178,-0.5184375,2021-05-17 02:46:04.382075,11.0,,
2,0.179,-0.5184375,2021-05-17 02:46:04.444432,11.0,,
2,0.177,-0.5184375,2021-05-17 02:46:04.500742,11.0,,
2,0.174,-0.5184375,2021-05-17 02:46:04.543542,11.0,,
2,0.178,-0.5184375,2021-05-17 02:46:04.606079,11.0,,
2,0.178,-0.5184375,2021-05-17 02:46:04.659442,11.0,,
2,0.179,-0.5184375,2021-05-17 02:46:04.722971,11.0,,
2,0.18,-0.5184375,2021-05-17 02:46:04.776306,11.0,,
2,0.176,-0.5184375,2021-05-17 02:46:04.839193,11.0,,
2,0.176,-0.5184375,2021-05-17 02:46:04.891755,11.0,,
2,0.176,-0.5184375,2021-05-17 02:46:04.954295,11.0,,
2,0.172,-0.5184375,2021-05-17 02:46:05.037948,11.0,,
2,0.178,-0.5184375,2021-05-17 02:46:05.090945,11.0,,
2,0.175,-0.5184375,2021-05-17 02:46:05.154619,11.0,,
2,0.175,-0.5184375,2021-05-17 02:46:05.207251,11.0,,
